cuda_line,cuda_source,sass_addr,sass_text,warp_stall_all,warp_stall_not_issued,sample_count,inst_executed,thread_inst_executed,thread_inst_pred_on,avg_threads,avg_threads_pred_on,divergent_branches,address_space,access_operation,access_size,l1_tag_global,l1_conflicts_nway,l2_sectors_excess,l2_sectors_global,l2_sectors_ideal,l2_evict_policies,l2_hit_evict_first,l2_hit_evict_last,l2_hit_evict_normal,l2_hit_evict_normal_demote,l2_miss_evict_first,l2_miss_evict_normal,stall_barrier,stall_branch_resolving,stall_dispatch,stall_drain,stall_imc,stall_lg,stall_long_sb,stall_math,stall_membar,stall_mio,stall_misc,stall_no_inst,stall_not_selected,stall_selected,stall_short_sb,stall_sleep,stall_tex,stall_wait,stall_barrier_ni,stall_branch_resolving_ni,stall_dispatch_ni,stall_drain_ni,stall_imc_ni,stall_lg_ni,stall_long_sb_ni,stall_math_ni,stall_membar_ni,stall_mio_ni,stall_misc_ni,stall_no_inst_ni,stall_not_selected_ni,stall_selected_ni,stall_short_sb_ni,stall_sleeping_ni,stall_tex_ni,stall_wait_ni
13,sum += A[row * n + k] * B[k * n + col];,0x202155690,"FFMA R7, R8, R23, R7",714,362,714,262144,8388608,8388608,32,32,0,0,0,0,0,0,0,0,0,0,0,0,0,0,0,0,0,0,7,0,0,0,662,0,0,0,0,0,12,11,0,0,0,22,0,0,0,0,0,0,354,0,0,0,0,0,0,0,0,0,0,8
13,sum += A[row * n + k] * B[k * n + col];,0x202155520,"FFMA R25, R26, R25, R36",556,384,556,262144,8388608,8388608,32,32,0,0,0,0,0,0,0,0,0,0,0,0,0,0,0,0,0,0,1,0,0,0,548,0,0,0,0,0,1,6,0,0,0,0,0,0,0,0,0,0,384,0,0,0,0,0,0,0,0,0,0,0
13,sum += A[row * n + k] * B[k * n + col];,0x2021554c0,"FFMA R36, R35, R36, R34",339,189,339,262144,8388608,8388608,32,32,0,0,0,0,0,0,0,0,0,0,0,0,0,0,0,0,0,0,0,0,0,0,333,0,0,0,0,0,0,6,0,0,0,0,0,0,0,0,0,0,189,0,0,0,0,0,0,0,0,0,0,0
13,sum += A[row * n + k] * B[k * n + col];,0x2021555f0,"FFMA R15, R15, R37, R32",286,175,286,262144,8388608,8388608,32,32,0,0,0,0,0,0,0,0,0,0,0,0,0,0,0,0,0,0,4,0,0,0,260,0,0,0,0,0,0,4,0,0,0,18,0,0,1,0,0,0,165,0,0,0,0,0,0,0,0,0,0,9
13,sum += A[row * n + k] * B[k * n + col];,0x202155660,"FFMA R15, R34, R27, R15",179,90,179,262144,8388608,8388608,32,32,0,0,0,0,0,0,0,0,0,0,0,0,0,0,0,0,0,0,3,0,0,0,145,0,0,0,0,0,2,5,0,0,0,24,0,0,0,0,0,0,83,0,0,0,0,0,0,0,0,0,0,7
13,sum += A[row * n + k] * B[k * n + col];,0x2021555a0,"LDG.E R5, [R10.64]",218,132,218,262144,8388608,8388608,32,32,0,0,0,32,262144,0,0,524288,524288,0,0,0,0,0,0,0,0,0,6,0,0,81,85,0,0,0,0,0,15,14,0,0,0,17,0,0,3,0,0,55,60,0,0,0,0,0,0,0,0,0,0,14
13,sum += A[row * n + k] * B[k * n + col];,0x2021554e0,"FFMA R36, R27, R28, R36",73,39,73,262144,8388608,8388608,32,32,0,0,0,0,0,0,0,0,0,0,0,0,0,0,0,0,0,0,1,0,0,0,65,0,0,0,0,0,0,7,0,0,0,0,0,0,0,0,0,0,39,0,0,0,0,0,0,0,0,0,0,0
13,sum += A[row * n + k] * B[k * n + col];,0x2021554b0,"LDG.E R17, [R2.64+0x38]",187,112,187,262144,8388608,8388608,32,32,0,0,0,32,524288,0,0,524288,524288,0,0,0,0,0,0,0,0,0,4,0,0,75,59,0,0,0,0,0,21,3,0,0,0,25,0,0,1,0,0,55,42,0,0,0,0,0,0,0,0,0,0,14
13,sum += A[row * n + k] * B[k * n + col];,0x202155650,"FFMA R15, R6, R35, R15",47,23,47,262144,8388608,8388608,32,32,0,0,0,0,0,0,0,0,0,0,0,0,0,0,0,0,0,0,1,0,0,0,41,0,0,0,0,0,0,5,0,0,0,0,0,0,0,0,0,0,23,0,0,0,0,0,0,0,0,0,0,0
13,sum += A[row * n + k] * B[k * n + col];,0x2021555b0,"LDG.E R24, [R2.64+0x3c]",152,99,152,262144,8388608,8388608,32,32,0,0,0,32,524288,0,0,524288,524288,0,0,0,0,0,0,0,0,0,11,0,0,60,40,0,0,0,0,0,19,6,0,0,0,16,0,0,7,0,0,47,31,0,0,0,0,0,0,0,0,0,0,14
13,sum += A[row * n + k] * B[k * n + col];,0x2021553f0,"LDG.E R15, [R4.64]",197,115,197,262144,8388608,8388608,32,32,0,0,0,32,262144,0,0,524288,524288,0,0,0,0,0,0,0,0,0,17,0,0,117,16,0,0,0,0,0,36,4,0,0,0,7,0,0,11,0,0,91,9,0,0,0,0,0,0,0,0,0,0,4
13,sum += A[row * n + k] * B[k * n + col];,0x202155470,"LDG.E R7, [R2.64+0x2c]",134,78,134,262144,8388608,8388608,32,32,0,0,0,32,524288,0,0,524288,524288,0,0,0,0,0,0,0,0,0,15,0,0,80,15,0,0,0,0,0,19,5,0,0,0,0,0,0,6,0,0,63,9,0,0,0,0,0,0,0,0,0,0,0
13,sum += A[row * n + k] * B[k * n + col];,0x2021553e0,"IMAD.WIDE R6, R19, 0x4, R4",4,1,4,262144,8388608,8388608,32,32,0,0,0,0,0,0,0,0,0,0,0,0,0,0,0,0,0,0,0,0,0,0,1,0,0,0,0,0,0,3,0,0,0,0,0,0,0,0,0,0,1,0,0,0,0,0,0,0,0,0,0,0
6,"__global__ void naiveMatMul(float* A, float* B, float* C, int n) {",0x202154f00,"ISETP.NE.U32.AND P0, PT, RZ, UR2, PT",3,0,3,8192,262144,262144,32,32,0,0,0,0,0,0,0,0,0,0,0,0,0,0,0,0,0,0,1,0,0,0,0,0,0,0,0,0,2,0,0,0,0,0,0,0,0,0,0,0,0,0,0,0,0,0,0,0,0,0,0,0
6,"__global__ void naiveMatMul(float* A, float* B, float* C, int n) {",0x202154f10,@P0   BRA 0x202155040,2,0,2,8192,262144,195136,32,23,0,0,0,0,0,0,0,0,0,0,0,0,0,0,0,0,0,0,0,0,0,0,0,0,0,0,0,0,0,0,0,0,0,2,0,0,0,0,0,0,0,0,0,0,0,0,0,0,0,0,0,0
6,"__global__ void naiveMatMul(float* A, float* B, float* C, int n) {",0x202154f20,"BMOV.32 B0, 0xffffffff",2,1,2,2094,67008,67008,32,32,0,0,0,0,0,0,0,0,0,0,0,0,0,0,0,0,0,0,0,0,0,0,0,0,0,0,0,0,0,0,0,0,0,2,0,0,0,0,0,0,0,0,0,0,0,0,0,0,0,0,0,1
6,"__global__ void naiveMatMul(float* A, float* B, float* C, int n) {",0x202154f30,"BMOV.32.CLEAR B1, B0",0,0,0,2094,67008,67008,32,32,0,0,0,0,0,0,0,0,0,0,0,0,0,0,0,0,0,0,0,0,0,0,0,0,0,0,0,0,0,0,0,0,0,0,0,0,0,0,0,0,0,0,0,0,0,0,0,0,0,0,0,0
6,"__global__ void naiveMatMul(float* A, float* B, float* C, int n) {",0x202154f40,"BMOV.32.CLEAR B2, B1",0,0,0,2094,67008,67008,32,32,0,0,0,0,0,0,0,0,0,0,0,0,0,0,0,0,0,0,0,0,0,0,0,0,0,0,0,0,0,0,0,0,0,0,0,0,0,0,0,0,0,0,0,0,0,0,0,0,0,0,0,0
6,"__global__ void naiveMatMul(float* A, float* B, float* C, int n) {",0x202154f50,"BMOV.32.CLEAR B3, B2",0,0,0,2094,67008,67008,32,32,0,0,0,0,0,0,0,0,0,0,0,0,0,0,0,0,0,0,0,0,0,0,0,0,0,0,0,0,0,0,0,0,0,0,0,0,0,0,0,0,0,0,0,0,0,0,0,0,0,0,0,0
6,"__global__ void naiveMatMul(float* A, float* B, float* C, int n) {",0x202154f60,"BMOV.32.CLEAR B4, B3",0,0,0,2094,67008,67008,32,32,0,0,0,0,0,0,0,0,0,0,0,0,0,0,0,0,0,0,0,0,0,0,0,0,0,0,0,0,0,0,0,0,0,0,0,0,0,0,0,0,0,0,0,0,0,0,0,0,0,0,0,0
6,"__global__ void naiveMatMul(float* A, float* B, float* C, int n) {",0x202154f70,"BMOV.32.CLEAR B5, B4",0,0,0,2094,67008,67008,32,32,0,0,0,0,0,0,0,0,0,0,0,0,0,0,0,0,0,0,0,0,0,0,0,0,0,0,0,0,0,0,0,0,0,0,0,0,0,0,0,0,0,0,0,0,0,0,0,0,0,0,0,0
6,"__global__ void naiveMatMul(float* A, float* B, float* C, int n) {",0x202154f80,"BMOV.32.CLEAR B6, B5",0,0,0,2094,67008,67008,32,32,0,0,0,0,0,0,0,0,0,0,0,0,0,0,0,0,0,0,0,0,0,0,0,0,0,0,0,0,0,0,0,0,0,0,0,0,0,0,0,0,0,0,0,0,0,0,0,0,0,0,0,0
6,"__global__ void naiveMatMul(float* A, float* B, float* C, int n) {",0x202154f90,"BMOV.32.CLEAR B7, B6",0,0,0,2094,67008,67008,32,32,0,0,0,0,0,0,0,0,0,0,0,0,0,0,0,0,0,0,0,0,0,0,0,0,0,0,0,0,0,0,0,0,0,0,0,0,0,0,0,0,0,0,0,0,0,0,0,0,0,0,0,0
6,"__global__ void naiveMatMul(float* A, float* B, float* C, int n) {",0x202154fa0,"BMOV.32.CLEAR B8, B7",0,0,0,2094,67008,67008,32,32,0,0,0,0,0,0,0,0,0,0,0,0,0,0,0,0,0,0,0,0,0,0,0,0,0,0,0,0,0,0,0,0,0,0,0,0,0,0,0,0,0,0,0,0,0,0,0,0,0,0,0,0
6,"__global__ void naiveMatMul(float* A, float* B, float* C, int n) {",0x202154fb0,"BMOV.32.CLEAR B9, B8",0,0,0,2094,67008,67008,32,32,0,0,0,0,0,0,0,0,0,0,0,0,0,0,0,0,0,0,0,0,0,0,0,0,0,0,0,0,0,0,0,0,0,0,0,0,0,0,0,0,0,0,0,0,0,0,0,0,0,0,0,0
6,"__global__ void naiveMatMul(float* A, float* B, float* C, int n) {",0x202154fc0,"BMOV.32.CLEAR B10, B9",0,0,0,2094,67008,67008,32,32,0,0,0,0,0,0,0,0,0,0,0,0,0,0,0,0,0,0,0,0,0,0,0,0,0,0,0,0,0,0,0,0,0,0,0,0,0,0,0,0,0,0,0,0,0,0,0,0,0,0,0,0
6,"__global__ void naiveMatMul(float* A, float* B, float* C, int n) {",0x202154fd0,"BMOV.32.CLEAR B11, B10",0,0,0,2094,67008,67008,32,32,0,0,0,0,0,0,0,0,0,0,0,0,0,0,0,0,0,0,0,0,0,0,0,0,0,0,0,0,0,0,0,0,0,0,0,0,0,0,0,0,0,0,0,0,0,0,0,0,0,0,0,0
6,"__global__ void naiveMatMul(float* A, float* B, float* C, int n) {",0x202154fe0,"BMOV.32.CLEAR B12, B11",0,0,0,2094,67008,67008,32,32,0,0,0,0,0,0,0,0,0,0,0,0,0,0,0,0,0,0,0,0,0,0,0,0,0,0,0,0,0,0,0,0,0,0,0,0,0,0,0,0,0,0,0,0,0,0,0,0,0,0,0,0
6,"__global__ void naiveMatMul(float* A, float* B, float* C, int n) {",0x202154ff0,"BMOV.32.CLEAR B13, B12",0,0,0,2094,67008,67008,32,32,0,0,0,0,0,0,0,0,0,0,0,0,0,0,0,0,0,0,0,0,0,0,0,0,0,0,0,0,0,0,0,0,0,0,0,0,0,0,0,0,0,0,0,0,0,0,0,0,0,0,0,0
6,"__global__ void naiveMatMul(float* A, float* B, float* C, int n) {",0x202155000,"BMOV.32.CLEAR B14, B13",0,0,0,2094,67008,67008,32,32,0,0,0,0,0,0,0,0,0,0,0,0,0,0,0,0,0,0,0,0,0,0,0,0,0,0,0,0,0,0,0,0,0,0,0,0,0,0,0,0,0,0,0,0,0,0,0,0,0,0,0,0
6,"__global__ void naiveMatMul(float* A, float* B, float* C, int n) {",0x202155010,"BMOV.32.CLEAR B15, B14",0,0,0,2094,67008,67008,32,32,0,0,0,0,0,0,0,0,0,0,0,0,0,0,0,0,0,0,0,0,0,0,0,0,0,0,0,0,0,0,0,0,0,0,0,0,0,0,0,0,0,0,0,0,0,0,0,0,0,0,0,0
6,"__global__ void naiveMatMul(float* A, float* B, float* C, int n) {",0x202155020,"BMOV.32 B15, 0x0",1,1,1,2094,67008,67008,32,32,0,0,0,0,0,0,0,0,0,0,0,0,0,0,0,0,0,0,0,0,0,0,0,0,0,0,0,0,0,0,0,0,0,1,0,0,0,0,0,0,0,0,0,0,0,0,0,0,0,0,0,1
6,"__global__ void naiveMatMul(float* A, float* B, float* C, int n) {",0x202155030,"UMOV UR2, 0x1",0,0,0,2094,67008,67008,32,32,0,0,0,0,0,0,0,0,0,0,0,0,0,0,0,0,0,0,0,0,0,0,0,0,0,0,0,0,0,0,0,0,0,0,0,0,0,0,0,0,0,0,0,0,0,0,0,0,0,0,0,0
6,"__global__ void naiveMatMul(float* A, float* B, float* C, int n) {",0x202155040,"MOV R1, c[0x0][0x28]",6,4,6,8192,262144,262144,32,32,0,0,0,0,0,0,0,0,0,0,0,0,0,0,0,0,0,0,0,0,6,0,0,0,0,0,0,0,0,0,0,0,0,0,0,0,0,0,4,0,0,0,0,0,0,0,0,0,0,0,0,0
7,int row = blockIdx.y * blockDim.y + threadIdx.y;,0x202155070,"S2R R21, SR_CTAID.Y",2,1,2,8192,262144,262144,32,32,0,0,0,0,0,0,0,0,0,0,0,0,0,0,0,0,0,0,0,0,0,0,0,0,0,0,0,0,0,0,0,0,0,2,0,0,0,0,0,0,0,0,0,0,0,0,0,0,0,0,0,1
7,int row = blockIdx.y * blockDim.y + threadIdx.y;,0x202155080,"S2R R2, SR_TID.Y",5,3,5,8192,262144,262144,32,32,0,0,0,0,0,0,0,0,0,0,0,0,0,0,0,0,0,0,1,0,0,0,0,0,0,3,0,0,0,0,0,0,0,1,0,0,0,0,0,0,0,0,0,3,0,0,0,0,0,0,0,0
7,int row = blockIdx.y * blockDim.y + threadIdx.y;,0x2021550b0,"IMAD R21, R21, c[0x0][0x4], R2",4,3,4,8192,262144,262144,32,32,0,0,0,0,0,0,0,0,0,0,0,0,0,0,0,0,0,0,0,0,0,0,0,0,0,0,0,0,0,0,4,0,0,0,0,0,0,0,0,0,0,0,0,0,0,0,0,0,3,0,0,0
7,int row = blockIdx.y * blockDim.y + threadIdx.y;,0x2021550c0,"ISETP.GE.OR P0, PT, R21, c[0x0][0x178], P0",1,0,1,8192,262144,262144,32,32,0,0,0,0,0,0,0,0,0,0,0,0,0,0,0,0,0,0,0,0,0,0,0,0,0,0,0,0,0,0,0,0,0,1,0,0,0,0,0,0,0,0,0,0,0,0,0,0,0,0,0,0
8,int col = blockIdx.x * blockDim.x + threadIdx.x;,0x202155050,"S2R R0, SR_CTAID.X",2,1,2,8192,262144,262144,32,32,0,0,0,0,0,0,0,0,0,0,0,0,0,0,0,0,0,0,0,0,0,0,0,0,0,0,0,0,0,1,0,0,0,1,0,0,0,0,0,0,0,0,0,0,0,0,0,0,0,0,0,1
8,int col = blockIdx.x * blockDim.x + threadIdx.x;,0x202155060,"S2R R3, SR_TID.X",5,3,5,8192,262144,262144,32,32,0,0,0,0,0,0,0,0,0,0,0,0,0,0,0,0,0,0,1,0,0,0,0,0,0,2,0,0,0,1,0,0,0,1,0,0,1,0,0,0,0,0,0,2,0,0,0,0,0,0,0,0
8,int col = blockIdx.x * blockDim.x + threadIdx.x;,0x202155090,"IMAD R0, R0, c[0x0][0x0], R3",4,3,4,8192,262144,262144,32,32,0,0,0,0,0,0,0,0,0,0,0,0,0,0,0,0,0,0,0,0,0,0,0,0,0,0,0,0,0,0,4,0,0,0,0,0,0,0,0,0,0,0,0,0,0,0,0,0,3,0,0,0
10,if (row < n && col < n) {,0x2021550a0,"ISETP.GE.AND P0, PT, R0, c[0x0][0x178], PT",1,0,1,8192,262144,262144,32,32,0,0,0,0,0,0,0,0,0,0,0,0,0,0,0,0,0,0,0,0,0,0,0,0,0,0,0,0,1,0,0,0,0,0,0,0,0,0,0,0,0,0,0,0,0,0,0,0,0,0,0,0
10,if (row < n && col < n) {,0x2021550d0,@P0   EXIT,2,1,2,8192,262144,0,32,0,0,0,0,0,0,0,0,0,0,0,0,0,0,0,0,0,0,0,0,0,0,0,0,0,0,0,0,0,0,0,0,0,0,2,0,0,0,0,0,0,0,0,0,0,0,0,0,0,0,0,0,1
12,for (int k = 0; k < n; k++) {,0x2021550e0,"MOV R19, c[0x0][0x178]",2,1,2,8192,262144,262144,32,32,0,0,0,0,0,0,0,0,0,0,0,0,0,0,0,0,0,0,0,0,0,0,0,0,0,0,0,0,1,0,0,0,0,1,0,0,0,0,0,0,0,0,0,0,0,0,0,0,0,0,0,1
12,for (int k = 0; k < n; k++) {,0x2021550f0,"ULDC.64 UR4, c[0x0][0x118]",1,0,1,8192,262144,262144,32,32,0,0,0,0,0,0,0,0,0,0,0,0,0,0,0,0,0,0,0,0,0,0,0,0,0,0,0,0,0,1,0,0,0,0,0,0,0,0,0,0,0,0,0,0,0,0,0,0,0,0,0,0
12,for (int k = 0; k < n; k++) {,0x202155100,"HFMA2.MMA R34, -RZ, RZ, 0, 0",0,0,0,8192,262144,262144,32,32,0,0,0,0,0,0,0,0,0,0,0,0,0,0,0,0,0,0,0,0,0,0,0,0,0,0,0,0,0,0,0,0,0,0,0,0,0,0,0,0,0,0,0,0,0,0,0,0,0,0,0,0
12,for (int k = 0; k < n; k++) {,0x202155110,"IMAD R21, R21, c[0x0][0x178], RZ",0,0,0,8192,262144,262144,32,32,0,0,0,0,0,0,0,0,0,0,0,0,0,0,0,0,0,0,0,0,0,0,0,0,0,0,0,0,0,0,0,0,0,0,0,0,0,0,0,0,0,0,0,0,0,0,0,0,0,0,0,0
12,for (int k = 0; k < n; k++) {,0x202155120,"ISETP.GE.AND P0, PT, R19, 0x1, PT",0,0,0,8192,262144,262144,32,32,0,0,0,0,0,0,0,0,0,0,0,0,0,0,0,0,0,0,0,0,0,0,0,0,0,0,0,0,0,0,0,0,0,0,0,0,0,0,0,0,0,0,0,0,0,0,0,0,0,0,0,0
12,for (int k = 0; k < n; k++) {,0x202155130,@!P0  BRA 0x202155c60,5,2,5,8192,262144,0,32,0,0,0,0,0,0,0,0,0,0,0,0,0,0,0,0,0,0,0,0,0,0,0,0,0,0,0,0,0,0,0,0,0,0,5,0,0,0,0,0,0,0,0,0,0,0,0,0,0,0,0,0,2
12,for (int k = 0; k < n; k++) {,0x202155140,"IADD3 R2, R19, -0x1, RZ",5,0,5,8192,262144,262144,32,32,0,0,0,0,0,0,0,0,0,0,0,0,0,0,0,0,0,0,0,0,0,0,0,0,0,0,0,0,1,2,0,0,0,2,0,0,0,0,0,0,0,0,0,0,0,0,0,0,0,0,0,0
12,for (int k = 0; k < n; k++) {,0x202155150,"LOP3.LUT R20, R19, 0x3, RZ, 0xc0, !PT",1,0,1,8192,262144,262144,32,32,0,0,0,0,0,0,0,0,0,0,0,0,0,0,0,0,0,0,0,0,0,0,0,0,0,0,0,0,0,1,0,0,0,0,0,0,0,0,0,0,0,0,0,0,0,0,0,0,0,0,0,0
12,for (int k = 0; k < n; k++) {,0x202155160,"ISETP.GE.U32.AND P0, PT, R2, 0x3, PT",2,0,2,8192,262144,262144,32,32,0,0,0,0,0,0,0,0,0,0,0,0,0,0,0,0,0,0,0,0,0,0,0,0,0,0,0,0,0,1,0,0,0,1,0,0,0,0,0,0,0,0,0,0,0,0,0,0,0,0,0,0
12,for (int k = 0; k < n; k++) {,0x202155170,"MOV R34, RZ",0,0,0,8192,262144,262144,32,32,0,0,0,0,0,0,0,0,0,0,0,0,0,0,0,0,0,0,0,0,0,0,0,0,0,0,0,0,0,0,0,0,0,0,0,0,0,0,0,0,0,0,0,0,0,0,0,0,0,0,0,0
12,for (int k = 0; k < n; k++) {,0x202155180,"MOV R18, RZ",0,0,0,8192,262144,262144,32,32,0,0,0,0,0,0,0,0,0,0,0,0,0,0,0,0,0,0,0,0,0,0,0,0,0,0,0,0,0,0,0,0,0,0,0,0,0,0,0,0,0,0,0,0,0,0,0,0,0,0,0,0
12,for (int k = 0; k < n; k++) {,0x202155190,@!P0  BRA 0x202155b40,2,1,2,8192,262144,0,32,0,0,0,0,0,0,0,0,0,0,0,0,0,0,0,0,0,0,0,0,0,0,0,0,0,0,0,0,0,1,0,0,0,0,1,0,0,0,0,0,0,0,0,0,0,0,0,0,0,0,0,0,1
12,for (int k = 0; k < n; k++) {,0x2021551a0,"IADD3 R22, -R20, c[0x0][0x178], RZ",1,1,1,8192,262144,262144,32,32,0,0,0,0,0,0,0,0,0,0,0,0,0,0,0,0,0,0,0,0,0,0,0,0,0,0,0,0,0,0,0,0,0,1,0,0,0,0,0,0,0,0,0,0,0,0,0,0,0,0,0,1
12,for (int k = 0; k < n; k++) {,0x2021551b0,"HFMA2.MMA R7, -RZ, RZ, 0, 2.384185791015625e-07",0,0,0,8192,262144,262144,32,32,0,0,0,0,0,0,0,0,0,0,0,0,0,0,0,0,0,0,0,0,0,0,0,0,0,0,0,0,0,0,0,0,0,0,0,0,0,0,0,0,0,0,0,0,0,0,0,0,0,0,0,0
12,for (int k = 0; k < n; k++) {,0x2021551c0,"ULDC.64 UR6, c[0x0][0x160]",0,0,0,8192,262144,262144,32,32,0,0,0,0,0,0,0,0,0,0,0,0,0,0,0,0,0,0,0,0,0,0,0,0,0,0,0,0,0,0,0,0,0,0,0,0,0,0,0,0,0,0,0,0,0,0,0,0,0,0,0,0
12,for (int k = 0; k < n; k++) {,0x2021551d0,"HFMA2.MMA R18, -RZ, RZ, 0, 0",0,0,0,8192,262144,262144,32,32,0,0,0,0,0,0,0,0,0,0,0,0,0,0,0,0,0,0,0,0,0,0,0,0,0,0,0,0,0,0,0,0,0,0,0,0,0,0,0,0,0,0,0,0,0,0,0,0,0,0,0,0
12,for (int k = 0; k < n; k++) {,0x2021551e0,"ISETP.GT.AND P0, PT, R22, RZ, PT",1,0,1,8192,262144,262144,32,32,0,0,0,0,0,0,0,0,0,0,0,0,0,0,0,0,0,0,0,0,0,0,0,0,0,0,0,0,0,1,0,0,0,0,0,0,0,0,0,0,0,0,0,0,0,0,0,0,0,0,0,0
12,for (int k = 0; k < n; k++) {,0x2021551f0,"MOV R34, RZ",1,0,1,8192,262144,262144,32,32,0,0,0,0,0,0,0,0,0,0,0,0,0,0,0,0,0,0,0,0,0,0,0,0,0,0,0,0,0,0,0,0,0,1,0,0,0,0,0,0,0,0,0,0,0,0,0,0,0,0,0,0
12,for (int k = 0; k < n; k++) {,0x202155200,"IMAD.WIDE R6, R0, R7, c[0x0][0x168]",3,1,3,8192,262144,262144,32,32,0,0,0,0,0,0,0,0,0,0,0,0,0,0,0,0,0,0,0,0,0,0,0,2,0,0,0,0,0,0,0,0,0,1,0,0,0,0,0,0,0,1,0,0,0,0,0,0,0,0,0,0
12,for (int k = 0; k < n; k++) {,0x202155210,@!P0  BRA 0x2021559b0,4,1,4,8192,262144,0,32,0,0,0,0,0,0,0,0,0,0,0,0,0,0,0,0,0,0,0,0,0,0,0,0,0,0,0,0,0,1,1,0,0,0,2,0,0,0,0,0,0,0,0,0,0,0,0,0,0,0,0,0,1
12,for (int k = 0; k < n; k++) {,0x202155220,"ISETP.GT.AND P1, PT, R22, 0xc, PT",0,0,0,8192,262144,262144,32,32,0,0,0,0,0,0,0,0,0,0,0,0,0,0,0,0,0,0,0,0,0,0,0,0,0,0,0,0,0,0,0,0,0,0,0,0,0,0,0,0,0,0,0,0,0,0,0,0,0,0,0,0
12,for (int k = 0; k < n; k++) {,0x202155230,"PLOP3.LUT P0, PT, PT, PT, PT, 0x80, 0x0",1,0,1,8192,262144,262144,32,32,0,0,0,0,0,0,0,0,0,0,0,0,0,0,0,0,0,0,1,0,0,0,0,0,0,0,0,0,0,0,0,0,0,0,0,0,0,0,0,0,0,0,0,0,0,0,0,0,0,0,0,0
12,for (int k = 0; k < n; k++) {,0x202155240,@!P1  BRA 0x2021556f0,3,1,3,8192,262144,0,32,0,0,0,0,0,0,0,0,0,0,0,0,0,0,0,0,0,0,0,0,0,0,0,0,0,0,0,0,0,0,0,0,0,0,3,0,0,0,0,0,0,0,0,0,0,0,0,0,0,0,0,0,1
12,for (int k = 0; k < n; k++) {,0x202155250,"PLOP3.LUT P0, PT, PT, PT, PT, 0x8, 0x0",0,0,0,8192,262144,262144,32,32,0,0,0,0,0,0,0,0,0,0,0,0,0,0,0,0,0,0,0,0,0,0,0,0,0,0,0,0,0,0,0,0,0,0,0,0,0,0,0,0,0,0,0,0,0,0,0,0,0,0,0,0
12,for (int k = 0; k < n; k++) {,0x202155600,"IADD3 R22, R22, -0x10, RZ",12,0,12,262144,8388608,8388608,32,32,0,0,0,0,0,0,0,0,0,0,0,0,0,0,0,0,0,0,4,0,0,0,0,0,0,0,0,0,0,8,0,0,0,0,0,0,0,0,0,0,0,0,0,0,0,0,0,0,0,0,0,0
12,for (int k = 0; k < n; k++) {,0x202155610,"ISETP.GT.AND P1, PT, R22, 0xc, PT",46,10,46,262144,8388608,8388608,32,32,0,0,0,0,0,0,0,0,0,0,0,0,0,0,0,0,0,0,3,0,0,0,0,2,0,0,0,0,6,9,0,0,0,26,0,0,1,0,0,0,0,0,0,0,0,0,0,0,0,0,0,9
12,for (int k = 0; k < n; k++) {,0x202155620,"UIADD3 UR6, UP0, UR6, 0x40, URZ",6,0,6,262144,8388608,8388608,32,32,0,0,0,0,0,0,0,0,0,0,0,0,0,0,0,0,0,0,0,0,0,0,0,0,0,0,0,0,0,6,0,0,0,0,0,0,0,0,0,0,0,0,0,0,0,0,0,0,0,0,0,0
12,for (int k = 0; k < n; k++) {,0x202155630,"IADD3 R18, R18, 0x10, RZ",7,0,7,262144,8388608,8388608,32,32,0,0,0,0,0,0,0,0,0,0,0,0,0,0,0,0,0,0,2,0,0,0,0,0,0,0,0,0,0,5,0,0,0,0,0,0,0,0,0,0,0,0,0,0,0,0,0,0,0,0,0,0
12,for (int k = 0; k < n; k++) {,0x202155640,"UIADD3.X UR7, URZ, UR7, URZ, UP0, !UPT",28,4,28,262144,8388608,8388608,32,32,0,0,0,0,0,0,0,0,0,0,0,0,0,0,0,0,0,0,1,0,0,0,0,0,0,0,0,0,6,3,0,0,0,18,0,0,0,0,0,0,0,0,0,0,0,0,0,0,0,0,0,4
12,for (int k = 0; k < n; k++) {,0x2021556e0,@P1   BRA 0x202155260,10,0,10,262144,8388608,8126464,32,31,0,0,0,0,0,0,0,0,0,0,0,0,0,0,0,0,0,0,4,0,0,0,0,0,0,0,0,0,0,6,0,0,0,0,0,0,0,0,0,0,0,0,0,0,0,0,0,0,0,0,0,0
12,for (int k = 0; k < n; k++) {,0x2021556f0,"ISETP.GT.AND P1, PT, R22, 0x4, PT",37,5,37,8192,262144,262144,32,32,0,0,0,0,0,0,0,0,0,0,0,0,0,0,0,0,0,0,0,0,0,0,0,0,0,0,0,0,1,2,0,0,0,34,0,0,0,0,0,0,0,0,0,0,0,0,0,0,0,0,0,5
12,for (int k = 0; k < n; k++) {,0x202155700,@!P1  BRA 0x202155990,5,0,5,8192,262144,262144,32,32,0,0,0,0,0,0,0,0,0,0,0,0,0,0,0,0,0,0,1,0,0,0,0,0,0,0,0,0,0,0,0,0,0,4,0,0,0,0,0,0,0,0,0,0,0,0,0,0,0,0,0,0
12,for (int k = 0; k < n; k++) {,0x2021558b0,"UIADD3 UR6, UP0, UR6, 0x20, URZ",0,0,0,0,0,0,0,0,0,0,0,0,0,0,0,0,0,0,0,0,0,0,0,0,0,0,0,0,0,0,0,0,0,0,0,0,0,0,0,0,0,0,0,0,0,0,0,0,0,0,0,0,0,0,0,0,0,0,0,0
12,for (int k = 0; k < n; k++) {,0x2021558c0,"PLOP3.LUT P0, PT, PT, PT, PT, 0x8, 0x0",0,0,0,0,0,0,0,0,0,0,0,0,0,0,0,0,0,0,0,0,0,0,0,0,0,0,0,0,0,0,0,0,0,0,0,0,0,0,0,0,0,0,0,0,0,0,0,0,0,0,0,0,0,0,0,0,0,0,0,0
12,for (int k = 0; k < n; k++) {,0x2021558d0,"IADD3 R18, R18, 0x8, RZ",0,0,0,0,0,0,0,0,0,0,0,0,0,0,0,0,0,0,0,0,0,0,0,0,0,0,0,0,0,0,0,0,0,0,0,0,0,0,0,0,0,0,0,0,0,0,0,0,0,0,0,0,0,0,0,0,0,0,0,0
12,for (int k = 0; k < n; k++) {,0x2021558e0,"IADD3 R22, R22, -0x8, RZ",0,0,0,0,0,0,0,0,0,0,0,0,0,0,0,0,0,0,0,0,0,0,0,0,0,0,0,0,0,0,0,0,0,0,0,0,0,0,0,0,0,0,0,0,0,0,0,0,0,0,0,0,0,0,0,0,0,0,0,0
12,for (int k = 0; k < n; k++) {,0x2021558f0,"UIADD3.X UR7, URZ, UR7, URZ, UP0, !UPT",0,0,0,0,0,0,0,0,0,0,0,0,0,0,0,0,0,0,0,0,0,0,0,0,0,0,0,0,0,0,0,0,0,0,0,0,0,0,0,0,0,0,0,0,0,0,0,0,0,0,0,0,0,0,0,0,0,0,0,0
12,for (int k = 0; k < n; k++) {,0x2021559a0,@!P0  BRA 0x202155b40,1,0,1,8192,262144,262144,32,32,0,0,0,0,0,0,0,0,0,0,0,0,0,0,0,0,0,0,0,0,0,0,0,0,0,0,0,0,0,0,0,0,0,1,0,0,0,0,0,0,0,0,0,0,0,0,0,0,0,0,0,0
12,for (int k = 0; k < n; k++) {,0x202155a90,"IADD3 R22, R22, -0x4, RZ",0,0,0,0,0,0,0,0,0,0,0,0,0,0,0,0,0,0,0,0,0,0,0,0,0,0,0,0,0,0,0,0,0,0,0,0,0,0,0,0,0,0,0,0,0,0,0,0,0,0,0,0,0,0,0,0,0,0,0,0
12,for (int k = 0; k < n; k++) {,0x202155aa0,"ISETP.NE.AND P0, PT, R22, RZ, PT",0,0,0,0,0,0,0,0,0,0,0,0,0,0,0,0,0,0,0,0,0,0,0,0,0,0,0,0,0,0,0,0,0,0,0,0,0,0,0,0,0,0,0,0,0,0,0,0,0,0,0,0,0,0,0,0,0,0,0,0
12,for (int k = 0; k < n; k++) {,0x202155ab0,"UIADD3 UR6, UP0, UR6, 0x10, URZ",0,0,0,0,0,0,0,0,0,0,0,0,0,0,0,0,0,0,0,0,0,0,0,0,0,0,0,0,0,0,0,0,0,0,0,0,0,0,0,0,0,0,0,0,0,0,0,0,0,0,0,0,0,0,0,0,0,0,0,0
12,for (int k = 0; k < n; k++) {,0x202155ac0,"IADD3 R18, R18, 0x4, RZ",0,0,0,0,0,0,0,0,0,0,0,0,0,0,0,0,0,0,0,0,0,0,0,0,0,0,0,0,0,0,0,0,0,0,0,0,0,0,0,0,0,0,0,0,0,0,0,0,0,0,0,0,0,0,0,0,0,0,0,0
12,for (int k = 0; k < n; k++) {,0x202155ad0,"UIADD3.X UR7, URZ, UR7, URZ, UP0, !UPT",0,0,0,0,0,0,0,0,0,0,0,0,0,0,0,0,0,0,0,0,0,0,0,0,0,0,0,0,0,0,0,0,0,0,0,0,0,0,0,0,0,0,0,0,0,0,0,0,0,0,0,0,0,0,0,0,0,0,0,0
12,for (int k = 0; k < n; k++) {,0x202155b30,@P0   BRA 0x2021559b0,0,0,0,0,0,0,0,0,0,0,0,0,0,0,0,0,0,0,0,0,0,0,0,0,0,0,0,0,0,0,0,0,0,0,0,0,0,0,0,0,0,0,0,0,0,0,0,0,0,0,0,0,0,0,0,0,0,0,0,0
12,for (int k = 0; k < n; k++) {,0x202155b40,"ISETP.NE.AND P0, PT, R20, RZ, PT",0,0,0,8192,262144,262144,32,32,0,0,0,0,0,0,0,0,0,0,0,0,0,0,0,0,0,0,0,0,0,0,0,0,0,0,0,0,0,0,0,0,0,0,0,0,0,0,0,0,0,0,0,0,0,0,0,0,0,0,0,0
12,for (int k = 0; k < n; k++) {,0x202155b50,@!P0  BRA 0x202155c60,4,2,4,8192,262144,262144,32,32,0,0,0,0,0,0,0,0,0,0,0,0,0,0,0,0,0,0,0,0,0,0,0,0,0,0,0,0,1,0,0,0,0,3,0,0,0,0,0,0,0,0,0,0,0,0,0,0,0,0,0,2
12,for (int k = 0; k < n; k++) {,0x202155b60,"HFMA2.MMA R5, -RZ, RZ, 0, 2.384185791015625e-07",1,0,1,0,0,0,0,0,0,0,0,0,0,0,0,0,0,0,0,0,0,0,0,0,0,0,0,0,0,0,0,0,0,0,0,0,0,1,0,0,0,0,0,0,0,0,0,0,0,0,0,0,0,0,0,0,0,0,0,0
12,for (int k = 0; k < n; k++) {,0x202155b70,"IADD3 R2, R21, R18, RZ",0,0,0,0,0,0,0,0,0,0,0,0,0,0,0,0,0,0,0,0,0,0,0,0,0,0,0,0,0,0,0,0,0,0,0,0,0,0,0,0,0,0,0,0,0,0,0,0,0,0,0,0,0,0,0,0,0,0,0,0
12,for (int k = 0; k < n; k++) {,0x202155b80,"IMAD R4, R18, c[0x0][0x178], R0",0,0,0,0,0,0,0,0,0,0,0,0,0,0,0,0,0,0,0,0,0,0,0,0,0,0,0,0,0,0,0,0,0,0,0,0,0,0,0,0,0,0,0,0,0,0,0,0,0,0,0,0,0,0,0,0,0,0,0,0
12,for (int k = 0; k < n; k++) {,0x202155b90,"IMAD.WIDE R2, R2, R5, c[0x0][0x160]",0,0,0,0,0,0,0,0,0,0,0,0,0,0,0,0,0,0,0,0,0,0,0,0,0,0,0,0,0,0,0,0,0,0,0,0,0,0,0,0,0,0,0,0,0,0,0,0,0,0,0,0,0,0,0,0,0,0,0,0
12,for (int k = 0; k < n; k++) {,0x202155ba0,"IMAD.WIDE R4, R4, R5, c[0x0][0x168]",0,0,0,0,0,0,0,0,0,0,0,0,0,0,0,0,0,0,0,0,0,0,0,0,0,0,0,0,0,0,0,0,0,0,0,0,0,0,0,0,0,0,0,0,0,0,0,0,0,0,0,0,0,0,0,0,0,0,0,0
12,for (int k = 0; k < n; k++) {,0x202155bb0,"MOV R6, R2",0,0,0,0,0,0,0,0,0,0,0,0,0,0,0,0,0,0,0,0,0,0,0,0,0,0,0,0,0,0,0,0,0,0,0,0,0,0,0,0,0,0,0,0,0,0,0,0,0,0,0,0,0,0,0,0,0,0,0,0
12,for (int k = 0; k < n; k++) {,0x202155bf0,"IADD3 R20, R20, -0x1, RZ",0,0,0,0,0,0,0,0,0,0,0,0,0,0,0,0,0,0,0,0,0,0,0,0,0,0,0,0,0,0,0,0,0,0,0,0,0,0,0,0,0,0,0,0,0,0,0,0,0,0,0,0,0,0,0,0,0,0,0,0
12,for (int k = 0; k < n; k++) {,0x202155c00,"IADD3 R6, P1, R6, 0x4, RZ",0,0,0,0,0,0,0,0,0,0,0,0,0,0,0,0,0,0,0,0,0,0,0,0,0,0,0,0,0,0,0,0,0,0,0,0,0,0,0,0,0,0,0,0,0,0,0,0,0,0,0,0,0,0,0,0,0,0,0,0
12,for (int k = 0; k < n; k++) {,0x202155c10,"ISETP.NE.AND P0, PT, R20, RZ, PT",0,0,0,0,0,0,0,0,0,0,0,0,0,0,0,0,0,0,0,0,0,0,0,0,0,0,0,0,0,0,0,0,0,0,0,0,0,0,0,0,0,0,0,0,0,0,0,0,0,0,0,0,0,0,0,0,0,0,0,0
12,for (int k = 0; k < n; k++) {,0x202155c20,"IMAD.WIDE R4, R19, 0x4, R4",0,0,0,0,0,0,0,0,0,0,0,0,0,0,0,0,0,0,0,0,0,0,0,0,0,0,0,0,0,0,0,0,0,0,0,0,0,0,0,0,0,0,0,0,0,0,0,0,0,0,0,0,0,0,0,0,0,0,0,0
12,for (int k = 0; k < n; k++) {,0x202155c30,"IADD3.X R3, RZ, R3, RZ, P1, !PT",0,0,0,0,0,0,0,0,0,0,0,0,0,0,0,0,0,0,0,0,0,0,0,0,0,0,0,0,0,0,0,0,0,0,0,0,0,0,0,0,0,0,0,0,0,0,0,0,0,0,0,0,0,0,0,0,0,0,0,0
12,for (int k = 0; k < n; k++) {,0x202155c50,@P0   BRA 0x202155bc0,0,0,0,0,0,0,0,0,0,0,0,0,0,0,0,0,0,0,0,0,0,0,0,0,0,0,0,0,0,0,0,0,0,0,0,0,0,0,0,0,0,0,0,0,0,0,0,0,0,0,0,0,0,0,0,0,0,0,0,0
13,sum += A[row * n + k] * B[k * n + col];,0x202155260,"MOV R2, UR6",31,8,31,262144,8388608,8388608,32,32,0,0,0,0,0,0,0,0,0,0,0,0,0,0,0,0,0,14,1,0,0,0,0,1,0,0,0,14,1,0,0,0,0,0,0,4,0,0,0,0,0,0,0,0,0,4,0,0,0,0,0,0
13,sum += A[row * n + k] * B[k * n + col];,0x202155270,"IMAD.WIDE R4, R19, 0x4, R6",9,0,9,262144,8388608,8388608,32,32,0,0,0,0,0,0,0,0,0,0,0,0,0,0,0,0,0,0,3,0,0,0,0,0,0,0,0,0,0,6,0,0,0,0,0,0,0,0,0,0,0,0,0,0,0,0,0,0,0,0,0,0
13,sum += A[row * n + k] * B[k * n + col];,0x202155280,"MOV R3, UR7",13,0,13,262144,8388608,8388608,32,32,0,0,0,0,0,0,0,0,0,0,0,0,0,0,0,0,0,0,4,0,0,0,0,0,0,0,0,1,1,7,0,0,0,0,0,0,0,0,0,0,0,0,0,0,0,0,0,0,0,0,0,0
13,sum += A[row * n + k] * B[k * n + col];,0x202155290,"LDG.E R35, [R6.64]",823,474,823,262144,8388608,8388608,32,32,0,0,0,32,262144,0,0,524288,524288,0,0,0,0,0,0,0,0,0,78,0,0,586,0,0,0,2,0,0,152,5,0,0,0,0,0,0,39,0,0,433,0,0,0,2,0,0,0,0,0,0,0,0
13,sum += A[row * n + k] * B[k * n + col];,0x2021552a0,"IMAD.WIDE R2, R21, 0x4, R2",56,11,56,262144,8388608,8388608,32,32,0,0,0,0,0,0,0,0,0,0,0,0,0,0,0,0,0,0,3,0,0,0,0,3,0,0,0,0,7,11,0,0,0,32,0,0,0,0,0,0,0,0,0,0,0,0,0,0,0,0,0,11
13,sum += A[row * n + k] * B[k * n + col];,0x2021552b0,"LDG.E R27, [R4.64]",1579,859,1579,262144,8388608,8388608,32,32,0,0,0,32,262144,0,0,524288,524288,0,0,0,0,0,0,0,0,0,159,0,0,1087,0,0,0,4,0,0,323,6,0,0,0,0,0,0,76,0,0,780,0,0,0,3,0,0,0,0,0,0,0,0
13,sum += A[row * n + k] * B[k * n + col];,0x2021552c0,"LDG.E R36, [R2.64]",1532,825,1532,262144,8388608,8388608,32,32,0,0,0,32,524288,0,0,524288,524288,0,0,0,0,0,0,0,0,0,147,0,0,1031,0,0,0,2,0,0,323,7,0,0,0,22,0,0,80,0,0,736,0,0,0,2,0,0,0,0,0,0,0,7
13,sum += A[row * n + k] * B[k * n + col];,0x2021552d0,"IMAD.WIDE R10, R19, 0x4, R4",6,0,6,262144,8388608,8388608,32,32,0,0,0,0,0,0,0,0,0,0,0,0,0,0,0,0,0,0,0,0,0,0,0,0,0,0,0,0,0,6,0,0,0,0,0,0,0,0,0,0,0,0,0,0,0,0,0,0,0,0,0,0
13,sum += A[row * n + k] * B[k * n + col];,0x2021552e0,"LDG.E R28, [R2.64+0x4]",988,484,988,262144,8388608,8388608,32,32,0,0,0,32,524288,0,0,524288,524288,0,0,0,0,0,0,0,0,0,110,0,0,665,0,0,0,0,0,0,193,2,0,0,0,18,0,0,44,0,0,435,0,0,0,0,0,0,0,0,0,0,0,5
13,sum += A[row * n + k] * B[k * n + col];,0x2021552f0,"IMAD.WIDE R12, R19, 0x4, R10",31,8,31,262144,8388608,8388608,32,32,0,0,0,0,0,0,0,0,0,0,0,0,0,0,0,0,0,0,4,0,0,0,0,0,0,0,0,0,1,9,0,0,0,17,0,0,0,0,0,0,0,0,0,0,0,0,0,0,0,0,0,8
13,sum += A[row * n + k] * B[k * n + col];,0x202155300,"LDG.E R26, [R10.64]",214,118,214,262144,8388608,8388608,32,32,0,0,0,32,262144,0,0,524288,524288,0,0,0,0,0,0,0,0,0,14,0,0,153,0,0,0,1,0,0,40,6,0,0,0,0,0,0,7,0,0,110,0,0,0,1,0,0,0,0,0,0,0,0
13,sum += A[row * n + k] * B[k * n + col];,0x202155310,"LDG.E R25, [R2.64+0x8]",271,138,271,262144,8388608,8388608,32,32,0,0,0,32,524288,0,0,524288,524288,0,0,0,0,0,0,0,0,0,24,0,0,173,0,0,0,1,0,0,50,5,0,0,0,18,0,0,10,0,0,119,0,0,0,0,0,0,0,0,0,0,0,9
13,sum += A[row * n + k] * B[k * n + col];,0x202155320,"LDG.E R24, [R12.64]",216,118,216,262144,8388608,8388608,32,32,0,0,0,32,262144,0,0,524288,524288,0,0,0,0,0,0,0,0,0,15,0,0,146,0,0,0,1,0,0,36,2,0,0,0,16,0,0,6,0,0,100,0,0,0,1,0,0,0,0,0,0,0,11
13,sum += A[row * n + k] * B[k * n + col];,0x202155330,"LDG.E R23, [R2.64+0xc]",222,126,222,262144,8388608,8388608,32,32,0,0,0,32,524288,0,0,524288,524288,0,0,0,0,0,0,0,0,0,16,0,0,148,0,0,0,0,0,0,35,5,0,0,0,18,0,0,9,0,0,105,0,0,0,0,0,0,0,0,0,0,0,12
13,sum += A[row * n + k] * B[k * n + col];,0x202155340,"IMAD.WIDE R16, R19, 0x4, R12",6,0,6,262144,8388608,8388608,32,32,0,0,0,0,0,0,0,0,0,0,0,0,0,0,0,0,0,0,3,0,0,0,0,0,0,0,0,0,0,3,0,0,0,0,0,0,0,0,0,0,0,0,0,0,0,0,0,0,0,0,0,0
13,sum += A[row * n + k] * B[k * n + col];,0x202155350,"LDG.E R30, [R2.64+0x10]",272,147,272,262144,8388608,8388608,32,32,0,0,0,32,524288,0,0,524288,524288,0,0,0,0,0,0,0,0,0,28,0,0,171,0,0,0,0,0,0,54,9,0,0,0,10,0,0,12,0,0,129,0,0,0,0,0,0,0,0,0,0,0,6
13,sum += A[row * n + k] * B[k * n + col];,0x202155360,"IMAD.WIDE R14, R19, 0x4, R16",17,9,17,262144,8388608,8388608,32,32,0,0,0,0,0,0,0,0,0,0,0,0,0,0,0,0,0,0,1,0,0,0,0,0,0,0,0,0,4,1,0,0,0,11,0,0,0,0,0,0,0,0,0,0,0,0,0,0,0,0,0,9
13,sum += A[row * n + k] * B[k * n + col];,0x202155370,"LDG.E R29, [R16.64]",161,78,161,262144,8388608,8388608,32,32,0,0,0,32,262144,0,0,524288,524288,0,0,0,0,0,0,0,0,0,16,0,0,105,0,0,0,0,0,0,35,5,0,0,0,0,0,0,7,0,0,71,0,0,0,0,0,0,0,0,0,0,0,0
13,sum += A[row * n + k] * B[k * n + col];,0x202155380,"LDG.E R31, [R2.64+0x14]",240,136,240,262144,8388608,8388608,32,32,0,0,0,32,524288,0,0,524288,524288,0,0,0,0,0,0,0,0,0,12,0,0,142,0,0,0,1,0,0,48,5,0,0,0,32,0,0,4,0,0,113,0,0,0,1,0,0,0,0,0,0,0,18
13,sum += A[row * n + k] * B[k * n + col];,0x202155390,"IMAD.WIDE R8, R19, 0x4, R14",4,0,4,262144,8388608,8388608,32,32,0,0,0,0,0,0,0,0,0,0,0,0,0,0,0,0,0,0,0,0,0,0,0,0,0,0,0,0,0,4,0,0,0,0,0,0,0,0,0,0,0,0,0,0,0,0,0,0,0,0,0,0
13,sum += A[row * n + k] * B[k * n + col];,0x2021553a0,"LDG.E R14, [R14.64]",251,146,251,262144,8388608,8388608,32,32,0,0,0,32,262144,0,0,524288,524288,0,0,0,0,0,0,0,0,0,28,0,0,155,0,0,0,1,0,0,47,3,0,0,0,17,0,0,14,0,0,121,0,0,0,1,0,0,0,0,0,0,0,10
13,sum += A[row * n + k] * B[k * n + col];,0x2021553b0,"IMAD.WIDE R4, R19, 0x4, R8",34,11,34,262144,8388608,8388608,32,32,0,0,0,0,0,0,0,0,0,0,0,0,0,0,0,0,0,0,3,0,0,0,0,3,0,0,0,0,3,5,0,0,0,20,0,0,2,0,0,0,0,1,0,0,0,0,0,0,0,0,0,8
13,sum += A[row * n + k] * B[k * n + col];,0x2021553c0,"LDG.E R32, [R8.64]",134,66,134,262144,8388608,8388608,32,32,0,0,0,32,262144,0,0,524288,524288,0,0,0,0,0,0,0,0,0,6,0,0,100,0,0,0,2,0,0,22,4,0,0,0,0,0,0,3,0,0,62,0,0,0,1,0,0,0,0,0,0,0,0
13,sum += A[row * n + k] * B[k * n + col];,0x2021553d0,"LDG.E R33, [R2.64+0x18]",180,83,180,262144,8388608,8388608,32,32,0,0,0,32,524288,0,0,524288,524288,0,0,0,0,0,0,0,0,0,15,0,0,101,0,0,0,0,0,0,38,9,0,0,0,17,0,0,10,0,0,66,0,0,0,0,0,0,0,0,0,0,0,7
13,sum += A[row * n + k] * B[k * n + col];,0x202155400,"IMAD.WIDE R10, R19, 0x4, R6",23,11,23,262144,8388608,8388608,32,32,0,0,0,0,0,0,0,0,0,0,0,0,0,0,0,0,0,0,4,0,0,0,0,1,0,0,0,0,0,1,0,0,0,17,0,0,1,0,0,0,0,0,0,0,0,0,0,0,0,0,0,10
13,sum += A[row * n + k] * B[k * n + col];,0x202155410,"LDG.E R37, [R2.64+0x1c]",109,61,109,262144,8388608,8388608,32,32,0,0,0,32,524288,0,0,524288,524288,0,0,0,0,0,0,0,0,0,8,0,0,70,0,0,0,0,0,0,23,8,0,0,0,0,0,0,6,0,0,55,0,0,0,0,0,0,0,0,0,0,0,0
13,sum += A[row * n + k] * B[k * n + col];,0x202155420,"LDG.E R6, [R6.64]",173,93,173,262144,8388608,8388608,32,32,0,0,0,32,262144,0,0,524288,524288,0,0,0,0,0,0,0,0,0,15,0,0,98,0,0,0,0,0,0,27,5,0,0,0,28,0,0,5,0,0,74,0,0,0,0,0,0,0,0,0,0,0,14
13,sum += A[row * n + k] * B[k * n + col];,0x202155430,"IMAD.WIDE R12, R19, 0x4, R10",10,0,10,262144,8388608,8388608,32,32,0,0,0,0,0,0,0,0,0,0,0,0,0,0,0,0,0,0,1,0,0,0,0,0,0,0,0,0,0,9,0,0,0,0,0,0,0,0,0,0,0,0,0,0,0,0,0,0,0,0,0,0
13,sum += A[row * n + k] * B[k * n + col];,0x202155440,"IMAD.WIDE R16, R19, 0x4, R12",63,19,63,262144,8388608,8388608,32,32,0,0,0,0,0,0,0,0,0,0,0,0,0,0,0,0,0,0,2,0,0,0,0,5,0,0,0,0,8,6,0,0,0,42,0,0,2,0,0,0,0,0,0,0,0,0,0,0,0,0,0,17
13,sum += A[row * n + k] * B[k * n + col];,0x202155450,"LDG.E R12, [R12.64]",165,83,165,262144,8388608,8388608,32,32,0,0,0,32,262144,0,0,524288,524288,0,0,0,0,0,0,0,0,0,17,0,0,96,0,0,0,0,0,0,37,6,0,0,0,9,0,0,10,0,0,70,0,0,0,0,0,0,0,0,0,0,0,3
13,sum += A[row * n + k] * B[k * n + col];,0x202155460,"IMAD.WIDE R8, R19, 0x4, R16",49,20,49,262144,8388608,8388608,32,32,0,0,0,0,0,0,0,0,0,0,0,0,0,0,0,0,0,0,3,0,0,0,0,4,0,0,0,0,3,4,0,0,0,35,0,0,1,0,0,0,0,1,0,0,0,0,0,0,0,0,0,18
13,sum += A[row * n + k] * B[k * n + col];,0x202155480,"LDG.E R16, [R16.64]",173,97,173,262144,8388608,8388608,32,32,0,0,0,32,262144,0,0,524288,524288,0,0,0,0,0,0,0,0,0,15,0,0,89,0,0,0,0,0,0,30,6,0,0,0,33,0,0,9,0,0,74,0,0,0,0,0,0,0,0,0,0,0,14
13,sum += A[row * n + k] * B[k * n + col];,0x202155490,"IMAD.WIDE R4, R19, 0x4, R8",7,0,7,262144,8388608,8388608,32,32,0,0,0,0,0,0,0,0,0,0,0,0,0,0,0,0,0,0,1,0,0,0,0,0,0,0,0,0,0,6,0,0,0,0,0,0,0,0,0,0,0,0,0,0,0,0,0,0,0,0,0,0
13,sum += A[row * n + k] * B[k * n + col];,0x2021554a0,"LDG.E R8, [R8.64]",189,96,189,262144,8388608,8388608,32,32,0,0,0,32,262144,0,0,524288,524288,0,0,0,0,0,0,0,0,0,24,0,0,104,0,0,0,2,0,0,41,7,0,0,0,11,0,0,16,0,0,72,0,0,0,1,0,0,0,0,0,0,0,7
13,sum += A[row * n + k] * B[k * n + col];,0x2021554d0,"LDG.E R35, [R2.64+0x20]",186,112,186,262144,8388608,8388608,32,32,0,0,0,32,524288,0,0,524288,524288,0,0,0,0,0,0,0,0,0,15,0,0,119,0,0,0,1,0,0,26,8,0,0,0,17,0,0,8,0,0,90,0,0,0,1,0,0,0,0,0,0,0,13
13,sum += A[row * n + k] * B[k * n + col];,0x2021554f0,"LDG.E R34, [R10.64]",146,79,146,262144,8388608,8388608,32,32,0,0,0,32,262144,0,0,524288,524288,0,0,0,0,0,0,0,0,0,11,0,0,87,0,0,0,1,0,0,24,9,0,0,0,14,0,0,3,0,0,67,0,0,0,1,0,0,0,0,0,0,0,8
13,sum += A[row * n + k] * B[k * n + col];,0x202155500,"LDG.E R27, [R2.64+0x24]",120,85,120,262144,8388608,8388608,32,32,0,0,0,32,524288,0,0,524288,524288,0,0,0,0,0,0,0,0,0,6,0,0,80,0,0,0,0,0,0,13,3,0,0,0,18,0,0,5,0,0,66,0,0,0,0,0,0,0,0,0,0,0,14
13,sum += A[row * n + k] * B[k * n + col];,0x202155510,"LDG.E R28, [R2.64+0x28]",142,85,142,262144,8388608,8388608,32,32,0,0,0,32,524288,0,0,524288,524288,0,0,0,0,0,0,0,0,0,12,0,0,96,0,0,0,0,0,0,18,5,0,0,0,11,0,0,5,0,0,72,0,0,0,0,0,0,0,0,0,0,0,8
13,sum += A[row * n + k] * B[k * n + col];,0x202155530,"LDG.E R36, [R2.64+0x34]",219,119,219,262144,8388608,8388608,32,32,0,0,0,32,524288,0,0,524288,524288,0,0,0,0,0,0,0,0,0,15,0,0,140,0,0,0,0,0,0,42,10,0,0,0,12,0,0,9,0,0,101,0,0,0,0,0,0,0,0,0,0,0,9
13,sum += A[row * n + k] * B[k * n + col];,0x202155540,"FFMA R26, R24, R23, R25",7,0,7,262144,8388608,8388608,32,32,0,0,0,0,0,0,0,0,0,0,0,0,0,0,0,0,0,0,2,0,0,0,0,0,0,0,0,0,0,5,0,0,0,0,0,0,0,0,0,0,0,0,0,0,0,0,0,0,0,0,0,0
13,sum += A[row * n + k] * B[k * n + col];,0x202155550,"IMAD.WIDE R24, R19, 0x4, R4",4,0,4,262144,8388608,8388608,32,32,0,0,0,0,0,0,0,0,0,0,0,0,0,0,0,0,0,0,0,0,0,0,0,0,0,0,0,0,0,4,0,0,0,0,0,0,0,0,0,0,0,0,0,0,0,0,0,0,0,0,0,0
13,sum += A[row * n + k] * B[k * n + col];,0x202155560,"LDG.E R23, [R2.64+0x30]",127,83,127,262144,8388608,8388608,32,32,0,0,0,32,524288,0,0,524288,524288,0,0,0,0,0,0,0,0,0,8,0,0,90,0,0,0,0,0,0,18,3,0,0,0,8,0,0,5,0,0,71,0,0,0,0,0,0,0,0,0,0,0,7
13,sum += A[row * n + k] * B[k * n + col];,0x202155570,"LDG.E R4, [R4.64]",168,101,168,262144,8388608,8388608,32,32,0,0,0,32,262144,0,0,524288,524288,0,0,0,0,0,0,0,0,0,8,0,0,109,0,0,0,0,0,0,24,6,0,0,0,21,0,0,6,0,0,80,0,0,0,0,0,0,0,0,0,0,0,15
13,sum += A[row * n + k] * B[k * n + col];,0x202155580,"IMAD.WIDE R10, R19, 0x4, R24",10,0,10,262144,8388608,8388608,32,32,0,0,0,0,0,0,0,0,0,0,0,0,0,0,0,0,0,0,0,0,0,0,0,0,0,0,0,0,0,10,0,0,0,0,0,0,0,0,0,0,0,0,0,0,0,0,0,0,0,0,0,0
13,sum += A[row * n + k] * B[k * n + col];,0x202155590,"LDG.E R13, [R24.64]",205,130,205,262144,8388608,8388608,32,32,0,0,0,32,262144,0,0,524288,524288,0,0,0,0,0,0,0,0,0,16,0,0,141,0,0,0,0,0,0,27,8,0,0,0,13,0,0,8,0,0,111,0,0,0,0,0,0,0,0,0,0,0,11
13,sum += A[row * n + k] * B[k * n + col];,0x2021555c0,"FFMA R29, R29, R30, R26",6,0,6,262144,8388608,8388608,32,32,0,0,0,0,0,0,0,0,0,0,0,0,0,0,0,0,0,0,1,0,0,0,0,0,0,0,0,0,0,5,0,0,0,0,0,0,0,0,0,0,0,0,0,0,0,0,0,0,0,0,0,0
13,sum += A[row * n + k] * B[k * n + col];,0x2021555d0,"FFMA R29, R14, R31, R29",26,9,26,262144,8388608,8388608,32,32,0,0,0,0,0,0,0,0,0,0,0,0,0,0,0,0,0,0,4,0,0,0,0,0,0,0,0,0,4,3,0,0,0,15,0,0,0,0,0,0,0,0,0,0,0,0,0,0,0,0,0,9
13,sum += A[row * n + k] * B[k * n + col];,0x2021555e0,"FFMA R32, R32, R33, R29",26,7,26,262144,8388608,8388608,32,32,0,0,0,0,0,0,0,0,0,0,0,0,0,0,0,0,0,0,1,0,0,0,0,0,0,0,0,0,2,6,0,0,0,17,0,0,0,0,0,0,0,0,0,0,0,0,0,0,0,0,0,7
13,sum += A[row * n + k] * B[k * n + col];,0x202155670,"FFMA R15, R12, R28, R15",41,7,41,262144,8388608,8388608,32,32,0,0,0,0,0,0,0,0,0,0,0,0,0,0,0,0,0,0,7,0,0,0,0,0,0,0,0,0,5,4,0,0,0,25,0,0,0,0,0,0,0,0,0,0,0,0,0,0,0,0,0,7
13,sum += A[row * n + k] * B[k * n + col];,0x202155680,"FFMA R7, R16, R7, R15",49,12,49,262144,8388608,8388608,32,32,0,0,0,0,0,0,0,0,0,0,0,0,0,0,0,0,0,0,6,0,0,0,0,0,0,0,0,0,9,4,0,0,0,30,0,0,2,0,0,0,0,0,0,0,0,0,0,0,0,0,0,10
13,sum += A[row * n + k] * B[k * n + col];,0x2021556a0,"FFMA R4, R4, R36, R7",39,13,39,262144,8388608,8388608,32,32,0,0,0,0,0,0,0,0,0,0,0,0,0,0,0,0,0,0,12,0,0,0,0,0,0,0,0,0,2,3,0,0,0,22,0,0,1,0,0,0,0,0,0,0,0,0,0,0,0,0,0,12
13,sum += A[row * n + k] * B[k * n + col];,0x2021556b0,"FFMA R4, R13, R17, R4",52,12,52,262144,8388608,8388608,32,32,0,0,0,0,0,0,0,0,0,0,0,0,0,0,0,0,0,0,10,0,0,0,0,0,0,0,0,0,9,2,0,0,0,31,0,0,2,0,0,0,0,0,0,0,0,0,0,0,0,0,0,10
13,sum += A[row * n + k] * B[k * n + col];,0x2021556c0,"IMAD.WIDE R6, R19, 0x4, R10",9,0,9,262144,8388608,8388608,32,32,0,0,0,0,0,0,0,0,0,0,0,0,0,0,0,0,0,0,4,0,0,0,0,2,0,0,0,0,0,3,0,0,0,0,0,0,0,0,0,0,0,0,0,0,0,0,0,0,0,0,0,0
13,sum += A[row * n + k] * B[k * n + col];,0x2021556d0,"FFMA R34, R5, R24, R4",46,4,46,262144,8388608,8388608,32,32,0,0,0,0,0,0,0,0,0,0,0,0,0,0,0,0,0,0,16,0,0,0,0,0,0,0,0,0,9,8,0,0,0,13,0,0,0,0,0,0,0,0,0,0,0,0,0,0,0,0,0,4
13,sum += A[row * n + k] * B[k * n + col];,0x202155710,"IMAD.WIDE R16, R19, 0x4, R6",0,0,0,0,0,0,0,0,0,0,0,0,0,0,0,0,0,0,0,0,0,0,0,0,0,0,0,0,0,0,0,0,0,0,0,0,0,0,0,0,0,0,0,0,0,0,0,0,0,0,0,0,0,0,0,0,0,0,0,0
13,sum += A[row * n + k] * B[k * n + col];,0x202155720,"MOV R2, UR6",0,0,0,0,0,0,0,0,0,0,0,0,0,0,0,0,0,0,0,0,0,0,0,0,0,0,0,0,0,0,0,0,0,0,0,0,0,0,0,0,0,0,0,0,0,0,0,0,0,0,0,0,0,0,0,0,0,0,0,0
13,sum += A[row * n + k] * B[k * n + col];,0x202155730,"LDG.E R13, [R6.64]",0,0,0,0,0,0,0,0,0,0,0,0,0,0,0,0,0,0,0,0,0,0,0,0,0,0,0,0,0,0,0,0,0,0,0,0,0,0,0,0,0,0,0,0,0,0,0,0,0,0,0,0,0,0,0,0,0,0,0,0
13,sum += A[row * n + k] * B[k * n + col];,0x202155740,"MOV R3, UR7",0,0,0,0,0,0,0,0,0,0,0,0,0,0,0,0,0,0,0,0,0,0,0,0,0,0,0,0,0,0,0,0,0,0,0,0,0,0,0,0,0,0,0,0,0,0,0,0,0,0,0,0,0,0,0,0,0,0,0,0
13,sum += A[row * n + k] * B[k * n + col];,0x202155750,"IMAD.WIDE R24, R19, 0x4, R16",0,0,0,0,0,0,0,0,0,0,0,0,0,0,0,0,0,0,0,0,0,0,0,0,0,0,0,0,0,0,0,0,0,0,0,0,0,0,0,0,0,0,0,0,0,0,0,0,0,0,0,0,0,0,0,0,0,0,0,0
13,sum += A[row * n + k] * B[k * n + col];,0x202155760,"LDG.E R14, [R16.64]",0,0,0,0,0,0,0,0,0,0,0,0,0,0,0,0,0,0,0,0,0,0,0,0,0,0,0,0,0,0,0,0,0,0,0,0,0,0,0,0,0,0,0,0,0,0,0,0,0,0,0,0,0,0,0,0,0,0,0,0
13,sum += A[row * n + k] * B[k * n + col];,0x202155770,"IMAD.WIDE R2, R21, 0x4, R2",0,0,0,0,0,0,0,0,0,0,0,0,0,0,0,0,0,0,0,0,0,0,0,0,0,0,0,0,0,0,0,0,0,0,0,0,0,0,0,0,0,0,0,0,0,0,0,0,0,0,0,0,0,0,0,0,0,0,0,0
13,sum += A[row * n + k] * B[k * n + col];,0x202155780,"IMAD.WIDE R26, R19, 0x4, R24",0,0,0,0,0,0,0,0,0,0,0,0,0,0,0,0,0,0,0,0,0,0,0,0,0,0,0,0,0,0,0,0,0,0,0,0,0,0,0,0,0,0,0,0,0,0,0,0,0,0,0,0,0,0,0,0,0,0,0,0
13,sum += A[row * n + k] * B[k * n + col];,0x202155790,"LDG.E R12, [R2.64]",0,0,0,0,0,0,0,0,0,0,0,0,0,0,0,0,0,0,0,0,0,0,0,0,0,0,0,0,0,0,0,0,0,0,0,0,0,0,0,0,0,0,0,0,0,0,0,0,0,0,0,0,0,0,0,0,0,0,0,0
13,sum += A[row * n + k] * B[k * n + col];,0x2021557a0,"LDG.E R15, [R2.64+0x4]",0,0,0,0,0,0,0,0,0,0,0,0,0,0,0,0,0,0,0,0,0,0,0,0,0,0,0,0,0,0,0,0,0,0,0,0,0,0,0,0,0,0,0,0,0,0,0,0,0,0,0,0,0,0,0,0,0,0,0,0
13,sum += A[row * n + k] * B[k * n + col];,0x2021557b0,"IMAD.WIDE R4, R19, 0x4, R26",0,0,0,0,0,0,0,0,0,0,0,0,0,0,0,0,0,0,0,0,0,0,0,0,0,0,0,0,0,0,0,0,0,0,0,0,0,0,0,0,0,0,0,0,0,0,0,0,0,0,0,0,0,0,0,0,0,0,0,0
13,sum += A[row * n + k] * B[k * n + col];,0x2021557c0,"LDG.E R24, [R24.64]",0,0,0,0,0,0,0,0,0,0,0,0,0,0,0,0,0,0,0,0,0,0,0,0,0,0,0,0,0,0,0,0,0,0,0,0,0,0,0,0,0,0,0,0,0,0,0,0,0,0,0,0,0,0,0,0,0,0,0,0
13,sum += A[row * n + k] * B[k * n + col];,0x2021557d0,"LDG.E R23, [R2.64+0x8]",0,0,0,0,0,0,0,0,0,0,0,0,0,0,0,0,0,0,0,0,0,0,0,0,0,0,0,0,0,0,0,0,0,0,0,0,0,0,0,0,0,0,0,0,0,0,0,0,0,0,0,0,0,0,0,0,0,0,0,0
13,sum += A[row * n + k] * B[k * n + col];,0x2021557e0,"IMAD.WIDE R8, R19, 0x4, R4",0,0,0,0,0,0,0,0,0,0,0,0,0,0,0,0,0,0,0,0,0,0,0,0,0,0,0,0,0,0,0,0,0,0,0,0,0,0,0,0,0,0,0,0,0,0,0,0,0,0,0,0,0,0,0,0,0,0,0,0
13,sum += A[row * n + k] * B[k * n + col];,0x2021557f0,"LDG.E R26, [R26.64]",0,0,0,0,0,0,0,0,0,0,0,0,0,0,0,0,0,0,0,0,0,0,0,0,0,0,0,0,0,0,0,0,0,0,0,0,0,0,0,0,0,0,0,0,0,0,0,0,0,0,0,0,0,0,0,0,0,0,0,0
13,sum += A[row * n + k] * B[k * n + col];,0x202155800,"LDG.E R28, [R2.64+0xc]",0,0,0,0,0,0,0,0,0,0,0,0,0,0,0,0,0,0,0,0,0,0,0,0,0,0,0,0,0,0,0,0,0,0,0,0,0,0,0,0,0,0,0,0,0,0,0,0,0,0,0,0,0,0,0,0,0,0,0,0
13,sum += A[row * n + k] * B[k * n + col];,0x202155810,"IMAD.WIDE R10, R19, 0x4, R8",0,0,0,0,0,0,0,0,0,0,0,0,0,0,0,0,0,0,0,0,0,0,0,0,0,0,0,0,0,0,0,0,0,0,0,0,0,0,0,0,0,0,0,0,0,0,0,0,0,0,0,0,0,0,0,0,0,0,0,0
13,sum += A[row * n + k] * B[k * n + col];,0x202155820,"LDG.E R4, [R4.64]",0,0,0,0,0,0,0,0,0,0,0,0,0,0,0,0,0,0,0,0,0,0,0,0,0,0,0,0,0,0,0,0,0,0,0,0,0,0,0,0,0,0,0,0,0,0,0,0,0,0,0,0,0,0,0,0,0,0,0,0
13,sum += A[row * n + k] * B[k * n + col];,0x202155830,"LDG.E R29, [R2.64+0x10]",0,0,0,0,0,0,0,0,0,0,0,0,0,0,0,0,0,0,0,0,0,0,0,0,0,0,0,0,0,0,0,0,0,0,0,0,0,0,0,0,0,0,0,0,0,0,0,0,0,0,0,0,0,0,0,0,0,0,0,0
13,sum += A[row * n + k] * B[k * n + col];,0x202155840,"IMAD.WIDE R6, R19, 0x4, R10",0,0,0,0,0,0,0,0,0,0,0,0,0,0,0,0,0,0,0,0,0,0,0,0,0,0,0,0,0,0,0,0,0,0,0,0,0,0,0,0,0,0,0,0,0,0,0,0,0,0,0,0,0,0,0,0,0,0,0,0
13,sum += A[row * n + k] * B[k * n + col];,0x202155850,"LDG.E R9, [R8.64]",0,0,0,0,0,0,0,0,0,0,0,0,0,0,0,0,0,0,0,0,0,0,0,0,0,0,0,0,0,0,0,0,0,0,0,0,0,0,0,0,0,0,0,0,0,0,0,0,0,0,0,0,0,0,0,0,0,0,0,0
13,sum += A[row * n + k] * B[k * n + col];,0x202155860,"LDG.E R16, [R2.64+0x14]",0,0,0,0,0,0,0,0,0,0,0,0,0,0,0,0,0,0,0,0,0,0,0,0,0,0,0,0,0,0,0,0,0,0,0,0,0,0,0,0,0,0,0,0,0,0,0,0,0,0,0,0,0,0,0,0,0,0,0,0
13,sum += A[row * n + k] * B[k * n + col];,0x202155870,"LDG.E R17, [R10.64]",0,0,0,0,0,0,0,0,0,0,0,0,0,0,0,0,0,0,0,0,0,0,0,0,0,0,0,0,0,0,0,0,0,0,0,0,0,0,0,0,0,0,0,0,0,0,0,0,0,0,0,0,0,0,0,0,0,0,0,0
13,sum += A[row * n + k] * B[k * n + col];,0x202155880,"LDG.E R25, [R2.64+0x18]",0,0,0,0,0,0,0,0,0,0,0,0,0,0,0,0,0,0,0,0,0,0,0,0,0,0,0,0,0,0,0,0,0,0,0,0,0,0,0,0,0,0,0,0,0,0,0,0,0,0,0,0,0,0,0,0,0,0,0,0
13,sum += A[row * n + k] * B[k * n + col];,0x202155890,"LDG.E R30, [R2.64+0x1c]",0,0,0,0,0,0,0,0,0,0,0,0,0,0,0,0,0,0,0,0,0,0,0,0,0,0,0,0,0,0,0,0,0,0,0,0,0,0,0,0,0,0,0,0,0,0,0,0,0,0,0,0,0,0,0,0,0,0,0,0
13,sum += A[row * n + k] * B[k * n + col];,0x2021558a0,"LDG.E R27, [R6.64]",0,0,0,0,0,0,0,0,0,0,0,0,0,0,0,0,0,0,0,0,0,0,0,0,0,0,0,0,0,0,0,0,0,0,0,0,0,0,0,0,0,0,0,0,0,0,0,0,0,0,0,0,0,0,0,0,0,0,0,0
13,sum += A[row * n + k] * B[k * n + col];,0x202155900,"IMAD.WIDE R6, R19, 0x4, R6",0,0,0,0,0,0,0,0,0,0,0,0,0,0,0,0,0,0,0,0,0,0,0,0,0,0,0,0,0,0,0,0,0,0,0,0,0,0,0,0,0,0,0,0,0,0,0,0,0,0,0,0,0,0,0,0,0,0,0,0
13,sum += A[row * n + k] * B[k * n + col];,0x202155910,"FFMA R13, R13, R12, R34",0,0,0,0,0,0,0,0,0,0,0,0,0,0,0,0,0,0,0,0,0,0,0,0,0,0,0,0,0,0,0,0,0,0,0,0,0,0,0,0,0,0,0,0,0,0,0,0,0,0,0,0,0,0,0,0,0,0,0,0
13,sum += A[row * n + k] * B[k * n + col];,0x202155920,"FFMA R13, R14, R15, R13",0,0,0,0,0,0,0,0,0,0,0,0,0,0,0,0,0,0,0,0,0,0,0,0,0,0,0,0,0,0,0,0,0,0,0,0,0,0,0,0,0,0,0,0,0,0,0,0,0,0,0,0,0,0,0,0,0,0,0,0
13,sum += A[row * n + k] * B[k * n + col];,0x202155930,"FFMA R13, R24, R23, R13",0,0,0,0,0,0,0,0,0,0,0,0,0,0,0,0,0,0,0,0,0,0,0,0,0,0,0,0,0,0,0,0,0,0,0,0,0,0,0,0,0,0,0,0,0,0,0,0,0,0,0,0,0,0,0,0,0,0,0,0
13,sum += A[row * n + k] * B[k * n + col];,0x202155940,"FFMA R13, R26, R28, R13",0,0,0,0,0,0,0,0,0,0,0,0,0,0,0,0,0,0,0,0,0,0,0,0,0,0,0,0,0,0,0,0,0,0,0,0,0,0,0,0,0,0,0,0,0,0,0,0,0,0,0,0,0,0,0,0,0,0,0,0
13,sum += A[row * n + k] * B[k * n + col];,0x202155950,"FFMA R4, R4, R29, R13",0,0,0,0,0,0,0,0,0,0,0,0,0,0,0,0,0,0,0,0,0,0,0,0,0,0,0,0,0,0,0,0,0,0,0,0,0,0,0,0,0,0,0,0,0,0,0,0,0,0,0,0,0,0,0,0,0,0,0,0
13,sum += A[row * n + k] * B[k * n + col];,0x202155960,"FFMA R4, R9, R16, R4",0,0,0,0,0,0,0,0,0,0,0,0,0,0,0,0,0,0,0,0,0,0,0,0,0,0,0,0,0,0,0,0,0,0,0,0,0,0,0,0,0,0,0,0,0,0,0,0,0,0,0,0,0,0,0,0,0,0,0,0
13,sum += A[row * n + k] * B[k * n + col];,0x202155970,"FFMA R4, R17, R25, R4",0,0,0,0,0,0,0,0,0,0,0,0,0,0,0,0,0,0,0,0,0,0,0,0,0,0,0,0,0,0,0,0,0,0,0,0,0,0,0,0,0,0,0,0,0,0,0,0,0,0,0,0,0,0,0,0,0,0,0,0
13,sum += A[row * n + k] * B[k * n + col];,0x202155980,"FFMA R34, R27, R30, R4",0,0,0,0,0,0,0,0,0,0,0,0,0,0,0,0,0,0,0,0,0,0,0,0,0,0,0,0,0,0,0,0,0,0,0,0,0,0,0,0,0,0,0,0,0,0,0,0,0,0,0,0,0,0,0,0,0,0,0,0
13,sum += A[row * n + k] * B[k * n + col];,0x202155990,"ISETP.NE.OR P0, PT, R22, RZ, P0",3,1,3,8192,262144,262144,32,32,0,0,0,0,0,0,0,0,0,0,0,0,0,0,0,0,0,1,0,0,0,0,0,0,0,0,0,1,1,0,0,0,0,0,0,1,0,0,0,0,0,0,0,0,0,0,0,0,0,0,0,0
13,sum += A[row * n + k] * B[k * n + col];,0x2021559b0,"MOV R2, UR6",0,0,0,0,0,0,0,0,0,0,0,0,0,0,0,0,0,0,0,0,0,0,0,0,0,0,0,0,0,0,0,0,0,0,0,0,0,0,0,0,0,0,0,0,0,0,0,0,0,0,0,0,0,0,0,0,0,0,0,0
13,sum += A[row * n + k] * B[k * n + col];,0x2021559c0,"IMAD.WIDE R8, R19, 0x4, R6",0,0,0,0,0,0,0,0,0,0,0,0,0,0,0,0,0,0,0,0,0,0,0,0,0,0,0,0,0,0,0,0,0,0,0,0,0,0,0,0,0,0,0,0,0,0,0,0,0,0,0,0,0,0,0,0,0,0,0,0
13,sum += A[row * n + k] * B[k * n + col];,0x2021559d0,"MOV R3, UR7",0,0,0,0,0,0,0,0,0,0,0,0,0,0,0,0,0,0,0,0,0,0,0,0,0,0,0,0,0,0,0,0,0,0,0,0,0,0,0,0,0,0,0,0,0,0,0,0,0,0,0,0,0,0,0,0,0,0,0,0
13,sum += A[row * n + k] * B[k * n + col];,0x2021559e0,"LDG.E R7, [R6.64]",0,0,0,0,0,0,0,0,0,0,0,0,0,0,0,0,0,0,0,0,0,0,0,0,0,0,0,0,0,0,0,0,0,0,0,0,0,0,0,0,0,0,0,0,0,0,0,0,0,0,0,0,0,0,0,0,0,0,0,0
13,sum += A[row * n + k] * B[k * n + col];,0x2021559f0,"IMAD.WIDE R4, R21, 0x4, R2",0,0,0,0,0,0,0,0,0,0,0,0,0,0,0,0,0,0,0,0,0,0,0,0,0,0,0,0,0,0,0,0,0,0,0,0,0,0,0,0,0,0,0,0,0,0,0,0,0,0,0,0,0,0,0,0,0,0,0,0
13,sum += A[row * n + k] * B[k * n + col];,0x202155a00,"IMAD.WIDE R10, R19, 0x4, R8",0,0,0,0,0,0,0,0,0,0,0,0,0,0,0,0,0,0,0,0,0,0,0,0,0,0,0,0,0,0,0,0,0,0,0,0,0,0,0,0,0,0,0,0,0,0,0,0,0,0,0,0,0,0,0,0,0,0,0,0
13,sum += A[row * n + k] * B[k * n + col];,0x202155a10,"LDG.E R12, [R4.64]",0,0,0,0,0,0,0,0,0,0,0,0,0,0,0,0,0,0,0,0,0,0,0,0,0,0,0,0,0,0,0,0,0,0,0,0,0,0,0,0,0,0,0,0,0,0,0,0,0,0,0,0,0,0,0,0,0,0,0,0
13,sum += A[row * n + k] * B[k * n + col];,0x202155a20,"LDG.E R9, [R8.64]",0,0,0,0,0,0,0,0,0,0,0,0,0,0,0,0,0,0,0,0,0,0,0,0,0,0,0,0,0,0,0,0,0,0,0,0,0,0,0,0,0,0,0,0,0,0,0,0,0,0,0,0,0,0,0,0,0,0,0,0
13,sum += A[row * n + k] * B[k * n + col];,0x202155a30,"IMAD.WIDE R2, R19, 0x4, R10",0,0,0,0,0,0,0,0,0,0,0,0,0,0,0,0,0,0,0,0,0,0,0,0,0,0,0,0,0,0,0,0,0,0,0,0,0,0,0,0,0,0,0,0,0,0,0,0,0,0,0,0,0,0,0,0,0,0,0,0
13,sum += A[row * n + k] * B[k * n + col];,0x202155a40,"LDG.E R13, [R4.64+0x4]",0,0,0,0,0,0,0,0,0,0,0,0,0,0,0,0,0,0,0,0,0,0,0,0,0,0,0,0,0,0,0,0,0,0,0,0,0,0,0,0,0,0,0,0,0,0,0,0,0,0,0,0,0,0,0,0,0,0,0,0
13,sum += A[row * n + k] * B[k * n + col];,0x202155a50,"LDG.E R15, [R10.64]",0,0,0,0,0,0,0,0,0,0,0,0,0,0,0,0,0,0,0,0,0,0,0,0,0,0,0,0,0,0,0,0,0,0,0,0,0,0,0,0,0,0,0,0,0,0,0,0,0,0,0,0,0,0,0,0,0,0,0,0
13,sum += A[row * n + k] * B[k * n + col];,0x202155a60,"LDG.E R14, [R4.64+0x8]",0,0,0,0,0,0,0,0,0,0,0,0,0,0,0,0,0,0,0,0,0,0,0,0,0,0,0,0,0,0,0,0,0,0,0,0,0,0,0,0,0,0,0,0,0,0,0,0,0,0,0,0,0,0,0,0,0,0,0,0
13,sum += A[row * n + k] * B[k * n + col];,0x202155a70,"LDG.E R16, [R4.64+0xc]",0,0,0,0,0,0,0,0,0,0,0,0,0,0,0,0,0,0,0,0,0,0,0,0,0,0,0,0,0,0,0,0,0,0,0,0,0,0,0,0,0,0,0,0,0,0,0,0,0,0,0,0,0,0,0,0,0,0,0,0
13,sum += A[row * n + k] * B[k * n + col];,0x202155a80,"LDG.E R17, [R2.64]",0,0,0,0,0,0,0,0,0,0,0,0,0,0,0,0,0,0,0,0,0,0,0,0,0,0,0,0,0,0,0,0,0,0,0,0,0,0,0,0,0,0,0,0,0,0,0,0,0,0,0,0,0,0,0,0,0,0,0,0
13,sum += A[row * n + k] * B[k * n + col];,0x202155ae0,"FFMA R12, R7, R12, R34",0,0,0,0,0,0,0,0,0,0,0,0,0,0,0,0,0,0,0,0,0,0,0,0,0,0,0,0,0,0,0,0,0,0,0,0,0,0,0,0,0,0,0,0,0,0,0,0,0,0,0,0,0,0,0,0,0,0,0,0
13,sum += A[row * n + k] * B[k * n + col];,0x202155af0,"FFMA R12, R9, R13, R12",0,0,0,0,0,0,0,0,0,0,0,0,0,0,0,0,0,0,0,0,0,0,0,0,0,0,0,0,0,0,0,0,0,0,0,0,0,0,0,0,0,0,0,0,0,0,0,0,0,0,0,0,0,0,0,0,0,0,0,0
13,sum += A[row * n + k] * B[k * n + col];,0x202155b00,"IMAD.WIDE R6, R19, 0x4, R2",0,0,0,0,0,0,0,0,0,0,0,0,0,0,0,0,0,0,0,0,0,0,0,0,0,0,0,0,0,0,0,0,0,0,0,0,0,0,0,0,0,0,0,0,0,0,0,0,0,0,0,0,0,0,0,0,0,0,0,0
13,sum += A[row * n + k] * B[k * n + col];,0x202155b10,"FFMA R12, R15, R14, R12",0,0,0,0,0,0,0,0,0,0,0,0,0,0,0,0,0,0,0,0,0,0,0,0,0,0,0,0,0,0,0,0,0,0,0,0,0,0,0,0,0,0,0,0,0,0,0,0,0,0,0,0,0,0,0,0,0,0,0,0
13,sum += A[row * n + k] * B[k * n + col];,0x202155b20,"FFMA R34, R17, R16, R12",0,0,0,0,0,0,0,0,0,0,0,0,0,0,0,0,0,0,0,0,0,0,0,0,0,0,0,0,0,0,0,0,0,0,0,0,0,0,0,0,0,0,0,0,0,0,0,0,0,0,0,0,0,0,0,0,0,0,0,0
13,sum += A[row * n + k] * B[k * n + col];,0x202155bc0,"MOV R2, R6",0,0,0,0,0,0,0,0,0,0,0,0,0,0,0,0,0,0,0,0,0,0,0,0,0,0,0,0,0,0,0,0,0,0,0,0,0,0,0,0,0,0,0,0,0,0,0,0,0,0,0,0,0,0,0,0,0,0,0,0
13,sum += A[row * n + k] * B[k * n + col];,0x202155bd0,"LDG.E R7, [R4.64]",0,0,0,0,0,0,0,0,0,0,0,0,0,0,0,0,0,0,0,0,0,0,0,0,0,0,0,0,0,0,0,0,0,0,0,0,0,0,0,0,0,0,0,0,0,0,0,0,0,0,0,0,0,0,0,0,0,0,0,0
13,sum += A[row * n + k] * B[k * n + col];,0x202155be0,"LDG.E R2, [R2.64]",0,0,0,0,0,0,0,0,0,0,0,0,0,0,0,0,0,0,0,0,0,0,0,0,0,0,0,0,0,0,0,0,0,0,0,0,0,0,0,0,0,0,0,0,0,0,0,0,0,0,0,0,0,0,0,0,0,0,0,0
13,sum += A[row * n + k] * B[k * n + col];,0x202155c40,"FFMA R34, R7, R2, R34",0,0,0,0,0,0,0,0,0,0,0,0,0,0,0,0,0,0,0,0,0,0,0,0,0,0,0,0,0,0,0,0,0,0,0,0,0,0,0,0,0,0,0,0,0,0,0,0,0,0,0,0,0,0,0,0,0,0,0,0
15,C[row * n + col] = sum;,0x202155c60,"IADD3 R2, R0, R21, RZ",1,0,1,8192,262144,262144,32,32,0,0,0,0,0,0,0,0,0,0,0,0,0,0,0,0,0,1,0,0,0,0,0,0,0,0,0,0,0,0,0,0,0,0,0,0,0,0,0,0,0,0,0,0,0,0,0,0,0,0,0,0
15,C[row * n + col] = sum;,0x202155c70,"MOV R3, 0x4",0,0,0,8192,262144,262144,32,32,0,0,0,0,0,0,0,0,0,0,0,0,0,0,0,0,0,0,0,0,0,0,0,0,0,0,0,0,0,0,0,0,0,0,0,0,0,0,0,0,0,0,0,0,0,0,0,0,0,0,0,0
15,C[row * n + col] = sum;,0x202155c80,"IMAD.WIDE R2, R2, R3, c[0x0][0x170]",2,1,2,8192,262144,262144,32,32,0,0,0,0,0,0,0,0,0,0,0,0,0,0,0,0,0,0,0,0,0,0,0,0,0,0,0,0,0,0,0,0,0,2,0,0,0,0,0,0,0,0,0,0,0,0,0,0,0,0,0,1
15,C[row * n + col] = sum;,0x202155c90,"STG.E [R2.64], R34",1,1,1,8192,262144,262144,32,32,0,0,0,32,16384,0,0,32768,32768,0,0,0,0,0,0,0,0,0,0,0,0,1,0,0,0,0,0,0,0,0,0,0,0,0,0,0,0,0,0,1,0,0,0,0,0,0,0,0,0,0,0,0
17,},0x202155ca0,EXIT,0,0,0,8192,262144,262144,32,32,0,0,0,0,0,0,0,0,0,0,0,0,0,0,0,0,0,0,0,0,0,0,0,0,0,0,0,0,0,0,0,0,0,0,0,0,0,0,0,0,0,0,0,0,0,0,0,0,0,0,0,0
17,},0x202155cb0,BRA 0x202155cb0,15,8,15,0,0,0,0,0,0,0,0,0,0,0,0,0,0,0,0,0,0,0,0,0,0,1,0,12,0,0,0,0,0,0,0,0,0,0,0,0,0,2,0,1,0,7,0,0,0,0,0,0,0,0,0,0,0,0,0,0
17,},0x202155cc0,NOP,0,0,0,0,0,0,0,0,0,0,0,0,0,0,0,0,0,0,0,0,0,0,0,0,0,0,0,0,0,0,0,0,0,0,0,0,0,0,0,0,0,0,0,0,0,0,0,0,0,0,0,0,0,0,0,0,0,0,0,0
17,},0x202155cd0,NOP,0,0,0,0,0,0,0,0,0,0,0,0,0,0,0,0,0,0,0,0,0,0,0,0,0,0,0,0,0,0,0,0,0,0,0,0,0,0,0,0,0,0,0,0,0,0,0,0,0,0,0,0,0,0,0,0,0,0,0,0
17,},0x202155ce0,NOP,0,0,0,0,0,0,0,0,0,0,0,0,0,0,0,0,0,0,0,0,0,0,0,0,0,0,0,0,0,0,0,0,0,0,0,0,0,0,0,0,0,0,0,0,0,0,0,0,0,0,0,0,0,0,0,0,0,0,0,0
17,},0x202155cf0,NOP,0,0,0,0,0,0,0,0,0,0,0,0,0,0,0,0,0,0,0,0,0,0,0,0,0,0,0,0,0,0,0,0,0,0,0,0,0,0,0,0,0,0,0,0,0,0,0,0,0,0,0,0,0,0,0,0,0,0,0,0
17,},0x202155d00,NOP,0,0,0,0,0,0,0,0,0,0,0,0,0,0,0,0,0,0,0,0,0,0,0,0,0,0,0,0,0,0,0,0,0,0,0,0,0,0,0,0,0,0,0,0,0,0,0,0,0,0,0,0,0,0,0,0,0,0,0,0
17,},0x202155d10,NOP,0,0,0,0,0,0,0,0,0,0,0,0,0,0,0,0,0,0,0,0,0,0,0,0,0,0,0,0,0,0,0,0,0,0,0,0,0,0,0,0,0,0,0,0,0,0,0,0,0,0,0,0,0,0,0,0,0,0,0,0
17,},0x202155d20,NOP,0,0,0,0,0,0,0,0,0,0,0,0,0,0,0,0,0,0,0,0,0,0,0,0,0,0,0,0,0,0,0,0,0,0,0,0,0,0,0,0,0,0,0,0,0,0,0,0,0,0,0,0,0,0,0,0,0,0,0,0
17,},0x202155d30,NOP,0,0,0,0,0,0,0,0,0,0,0,0,0,0,0,0,0,0,0,0,0,0,0,0,0,0,0,0,0,0,0,0,0,0,0,0,0,0,0,0,0,0,0,0,0,0,0,0,0,0,0,0,0,0,0,0,0,0,0,0
17,},0x202155d40,NOP,0,0,0,0,0,0,0,0,0,0,0,0,0,0,0,0,0,0,0,0,0,0,0,0,0,0,0,0,0,0,0,0,0,0,0,0,0,0,0,0,0,0,0,0,0,0,0,0,0,0,0,0,0,0,0,0,0,0,0,0
17,},0x202155d50,NOP,0,0,0,0,0,0,0,0,0,0,0,0,0,0,0,0,0,0,0,0,0,0,0,0,0,0,0,0,0,0,0,0,0,0,0,0,0,0,0,0,0,0,0,0,0,0,0,0,0,0,0,0,0,0,0,0,0,0,0,0
17,},0x202155d60,NOP,0,0,0,0,0,0,0,0,0,0,0,0,0,0,0,0,0,0,0,0,0,0,0,0,0,0,0,0,0,0,0,0,0,0,0,0,0,0,0,0,0,0,0,0,0,0,0,0,0,0,0,0,0,0,0,0,0,0,0,0
17,},0x202155d70,NOP,0,0,0,0,0,0,0,0,0,0,0,0,0,0,0,0,0,0,0,0,0,0,0,0,0,0,0,0,0,0,0,0,0,0,0,0,0,0,0,0,0,0,0,0,0,0,0,0,0,0,0,0,0,0,0,0,0,0,0,0
